name,website_url,industry
360Learning,https://360learning.com,Software
Agicap,https://agicap.com,Finance
Aircall,https://aircall.io,Software
Akeneo,https://www.akeneo.com,Software
Alan,https://alan.com,Assurance
Algolia,https://www.algolia.com,Software
Alice & Bob,https://alice-bob.com,Deeptech
Alma,https://almapay.com,Finance
Ankorstore,https://www.ankorstore.com,E-commerce
Artefact,https://www.artefact.com,Data
Back Market,https://www.backmarket.com,E-commerce
Believe,https://www.believe.com,Médias
BlaBlaCar,https://www.blablacar.com,Mobilité
Botify,https://www.botify.com,Software
Brevo,https://www.brevo.com,Software
Brigad,https://www.brigad.co,RH
Contentsquare,https://contentsquare.com,Software
Criteo,https://www.criteo.com,AdTech
CybelAngel,https://cybelangel.com,Cybersecurity
Dailymotion,https://www.dailymotion.com,Médias
Dataiku,https://www.dataiku.com,Data
Datadog,https://www.datadoghq.com,Software
Deezer,https://www.deezer.com,Médias
Defacto,https://www.getdefacto.com,Finance
Descartes Underwriting,https://descartesunderwriting.com,Assurance
Didomi,https://www.didomi.io,Software
Doctolib,https://www.doctolib.fr,Santé
Doctrine,https://www.doctrine.fr,Droit
Dougs,https://www.dougs.fr,Finance
Dust,https://dust.tt,IA
Ekimetrics,https://ekimetrics.com,Data
Electra,https://www.go-electra.com,Énergie
Epsor,https://www.epsor.fr,Finance
Equativ,https://equativ.com,AdTech
Exotec,https://www.exotec.com,Industrie
Fabriq,https://www.fabriq.tech,Software
Finary,https://finary.com,Finance
Gameloft,https://www.gameloft.com,Jeux vidéo
Getaround,https://getaround.com,Mobilité
GitGuardian,https://www.gitguardian.com,Cybersecurity
Gladia,https://www.gladia.io,IA
Gorgias,https://www.gorgias.com,Software
H Company,https://www.hcompany.ai,IA
Heetch,https://www.heetch.com,Mobilité
Hiflow,https://www.hiflow.com,Mobilité
Hivebrite,https://hivebrite.com,Software
Homa,https://www.homagames.com,Jeux vidéo
Hugging Face,https://huggingface.co,IA
Indy,https://www.indy.fr,Finance
Inato,https://www.inato.com,Santé
Ivalua,https://www.ivalua.com,Software
Jellysmack,https://jellysmack.com,Médias
Jow,https://jow.fr,Food
Kayrros,https://www.kayrros.com,Data
Le Wagon,https://www.lewagon.com,Éducation
Ledger,https://www.ledger.com,Cybersecurity
Lemonway,https://www.lemonway.com,Finance
Leocare,https://leocare.eu,Assurance
Libeo,https://www.libeo.io,Finance
Lifen,https://www.lifen.fr,Santé
Livestorm,https://livestorm.co,Software
Lucca,https://www.lucca.fr,Software
Lydia,https://lydia-app.com,Finance
Malt,https://www.malt.com,RH
Mangopay,https://mangopay.com,Finance
ManoMano,https://www.manomano.fr,E-commerce
Matera,https://matera.eu,Immobilier
Meero,https://www.meero.com,Software
Memo Bank,https://memo.bank,Finance
Mirakl,https://www.mirakl.com,Software
Mistral AI,https://mistral.ai,IA
Molotov,https://www.molotov.tv,Médias
Nabla,https://www.nabla.com,Santé
Napta,https://www.napta.io,Software
Octo Technology,https://octo.com,Conseil
Ogury,https://ogury.com,AdTech
OpenClassrooms,https://openclassrooms.com,Éducation
Ornikar,https://www.ornikar.com,Éducation
OVHcloud,https://www.ovhcloud.com,Cloud
Owkin,https://www.owkin.com,Santé
Padoa,https://www.padoa.fr,Santé
Padok,https://www.padok.fr,Cloud
Partoo,https://www.partoo.co,Software
Pasqal,https://www.pasqal.com,Deeptech
PayFit,https://payfit.com,Software
Payplug,https://www.payplug.com,Finance
Pennylane,https://www.pennylane.com,Finance
Photoroom,https://www.photoroom.com,IA
Pigment,https://www.pigment.com,Software
Planity,https://www.planity.com,Software
Platform.sh,https://platform.sh,Cloud
Poolside,https://poolside.ai,IA
Pretto,https://www.pretto.fr,Finance
Qare,https://www.qare.fr,Santé
Qonto,https://qonto.com,Finance
Quandela,https://www.quandela.com,Deeptech
Scaleway,https://www.scaleway.com,Cloud
Sekoia,https://www.sekoia.io,Cybersecurity
Sellsy,https://www.sellsy.com,Software
Sezane,https://www.sezane.com,Mode
Shift Technology,https://www.shift-technology.com,IA
Shine,https://www.shine.fr,Finance
Shippeo,https://www.shippeo.com,Logistique
Side,https://www.side.co,RH
Skello,https://www.skello.io,Software
Sorare,https://sorare.com,Jeux vidéo
Spendesk,https://www.spendesk.com,Finance
Stuart,https://stuart.com,Logistique
Sunday,https://sundayapp.com,Finance
Swan,https://www.swan.io,Finance
Swile,https://www.swile.co,Finance
Talend,https://www.talend.com,Data
Teads,https://www.teads.com,AdTech
Tehtris,https://tehtris.com,Cybersecurity
Theodo,https://www.theodo.com,Conseil
Treezor,https://www.treezor.com,Finance
Upway,https://upway.co,Mobilité
Vade,https://www.vadesecure.com,Cybersecurity
Veepee,https://www.veepee.fr,E-commerce
Vestiaire Collective,https://www.vestiairecollective.com,E-commerce
Voodoo,https://voodoo.io,Jeux vidéo
Wakam,https://www.wakam.com,Assurance
Welcome to the Jungle,https://www.welcometothejungle.com,RH
Withings,https://www.withings.com,Santé
Ynsect,https://www.ynsect.com,Industrie
Yousign,https://yousign.com,Software
Younited,https://www.younited-credit.com,Finance
Zama,https://www.zama.ai,Cybersecurity
Zenchef,https://www.zenchef.com,Software
Zenika,https://www.zenika.com,Conseil
Ubble,https://www.ubble.ai,Cybersecurity
Lunii,https://lunii.com,Éducation
Cajoo,https://www.cajoo.eu,E-commerce
Leboncoin,https://www.leboncoin.fr,E-commerce
Vinci Energies,https://www.vinci-energies.com,Énergie
Wiremind,https://wiremind.io,Data
Sendinblue,https://www.sendinblue.com,Software
Proxyclick,https://www.proxyclick.com,Software
Heuritech,https://www.heuritech.com,IA
Expensya,https://www.expensya.com,Finance
Moonshot Internet,https://www.moonshot-internet.com,Software
Ekwateur,https://ekwateur.fr,Énergie
Beanstock,https://www.beanstock.com,Immobilier
Masteos,https://masteos.com,Immobilier
Luko,https://www.luko.eu,Assurance
Frichti,https://www.frichti.co,Food
Clevy,https://clevy.io,IA
Mindee,https://www.mindee.com,IA
Jimini,https://www.jimini.ai,IA
Dataroots,https://dataroots.io,Data
Iziwork,https://www.iziwork.com,RH
Hellowork,https://www.hellowork.com,RH
Kard,https://www.kard.eu,Finance
Pixpay,https://www.pixpay.fr,Finance
Cityscoot,https://www.cityscoot.eu,Mobilité
Zity,https://zity.eu,Mobilité
Ecovadis,https://ecovadis.com,Software
Murfy,https://www.murfy.fr,Services
Hosman,https://www.hosman.co,Immobilier
Unither,https://www.unither-pharma.com,Santé
Sanofi,https://www.sanofi.com,Santé
